field1,field2,field3,field4,field5,refkey1,refkey2
building,they,522.23,degree,2.716,term,believe
fly,partner,165.11,professor,3.409,spend,care
crime,cup,331.04,partner,4.794,generation,not
measure,people,883.14,moment,0.168,across,name
staff,western,69.26,game,1.601,middle,bed
foreign,necessary,852.39,meet,9.275,why,record
year,with,593.78,ability,3.981,decade,baby
pressure,approach,246.06,thing,9.605,government,education
edge,big,947.27,others,6.381,least,single
author,fact,984.87,probably,1.802,question,serve
someone,toward,636.25,over,7.844,large,answer
scene,food,866.4,position,2.907,guy,benefit
especially,go,614.73,professor,2.697,explain,road
exist,star,616.98,service,5.481,as,region
fall,be,280.94,that,4.453,firm,particular
recognize,painting,234.16,young,5.859,politics,imagine
according,test,727.33,community,1.006,democratic,price
car,he,999.37,shake,9.646,front,decade
chair,term,991.83,movement,3.057,experience,activity
relationship,conference,405.01,require,6.918,should,send
listen,outside,781.83,wide,1.364,art,participant
participant,name,971.39,decade,8.903,course,too
strong,resource,386.01,house,4.676,involve,charge
his,of,590.96,some,6.3,past,scene
they,first,853.52,sell,4.989,our,news
account,pick,28.4,change,1.085,raise,wear
hotel,war,110.38,brother,1.737,late,full
building,main,138.59,past,7.636,little,president
stand,traditional,566.73,north,3.946,space,would
blood,cover,340.69,at,7.788,yourself,area
finish,through,276.67,suggest,6.967,professional,money
real,least,873.03,entire,0.798,nature,away
fast,Congress,995.06,time,9.76,enjoy,about
against,right,904.3,institution,7.034,better,impact
TV,direction,990.63,time,2.987,art,difficult
song,play,252.93,together,9.865,major,nor
natural,kind,823.29,summer,3.358,necessary,bad
way,visit,750.71,relationship,6.098,out,they
choose,test,721.78,small,1.902,table,fact
always,deal,242.95,service,8.096,Mrs,way
continue,media,713.14,discuss,8.053,us,identify
PM,group,977.84,yard,5.782,different,current
face,police,986.24,already,2.073,stage,late
song,someone,470.75,pretty,7.211,difficult,entire
stay,tree,388.21,building,1.267,kid,office
five,able,535.67,finally,5.286,white,look
story,through,103.61,whom,0.149,head,close
player,share,480.28,painting,7.443,as,result
Mrs,cultural,240.05,poor,9.334,down,why
arrive,year,885.32,between,9.641,old,half
fear,black,789.34,magazine,2.474,sound,heart
still,option,299.62,various,0.625,away,policy
another,check,650.9,different,4.804,west,result
community,three,832.13,want,8.787,draw,manager
wish,research,111.5,wide,3.072,ten,whatever
western,entire,409.66,force,2.838,activity,man
them,Republican,76.72,suddenly,4.022,itself,lead
region,else,986.37,yes,1.111,discussion,power
language,wait,883.66,wall,1.957,indicate,society
attention,trouble,805.31,along,0.405,personal,think
grow,six,545.74,realize,1.255,these,suggest
recently,answer,430.38,you,7.769,shoulder,few
threat,son,76.93,director,0.975,adult,air
record,level,506.52,successful,4.65,heart,task
eye,perhaps,519.89,a,2.89,hope,into
age,family,375.18,find,5.49,population,billion
more,admit,319.3,pull,8.569,black,detail
fall,activity,492.06,vote,0.981,deal,so
billion,black,874.23,little,8.631,other,court
nice,support,407.87,window,8.759,event,if
positive,sometimes,240.33,home,8.858,call,poor
easy,painting,548.05,fund,7.499,ago,seven
billion,stop,414.85,inside,0.639,money,be
prove,show,827.73,religious,2.24,own,write
top,trial,775.24,writer,0.392,time,adult
before,join,204.82,upon,4.299,send,thousand
occur,item,521.24,yeah,6.524,know,animal
fear,keep,356.94,majority,0.654,foreign,economy
use,seem,447.93,that,2.197,line,one
begin,total,41.12,reduce,6.047,clear,behavior
but,cold,629.45,base,6.295,member,spring
where,least,177.55,author,6.859,capital,cost
manager,wind,542.44,kind,1.69,art,bad
news,life,85.15,carry,0.655,deep,task
professor,water,848.65,detail,0.981,go,brother
door,whatever,387.88,foreign,8.045,Mrs,goal
morning,such,564.17,should,9.81,run,admit
usually,high,370.87,reflect,0.427,coach,authority
wrong,site,215.91,speech,0.953,box,within
item,blue,706.98,various,8.003,suggest,natural
notice,true,394.21,responsibility,8.881,Congress,serious
wall,include,272.21,street,5.164,wide,ground
sound,available,871.13,collection,8.042,why,item
thing,six,328.4,student,2.922,choose,who
author,father,784.75,whatever,8.172,source,there
thank,image,334.56,truth,2.875,tonight,ready
later,collection,631.43,despite,9.576,team,sing
course,crime,877.22,exactly,7.148,new,piece
change,theory,466.19,base,2.707,deep,effect
garden,environment,101.88,TV,9.498,certain,size
name,PM,378.46,walk,0.523,hit,exist
any,recognize,6.49,so,8.997,across,manage
fish,draw,49.58,my,8.858,trade,region
offer,affect,540.83,family,7.551,writer,man
own,body,267.98,series,4.904,you,peace
paper,despite,419.72,degree,5.849,election,score
along,very,913.37,media,6.716,however,song
food,despite,262.56,most,7.186,your,ability
military,find,5.22,sport,8.542,event,left
source,campaign,378.47,firm,0.664,window,focus
story,order,719.7,truth,9.217,worry,authority
decade,feel,260.03,sell,0.474,performance,customer
man,commercial,92.24,find,7.476,perform,sometimes
produce,take,722.53,foreign,3.362,around,order
choose,campaign,19.28,yet,2.516,cold,compare
clear,price,76.42,write,1.543,report,gun
involve,day,354.97,them,0.245,course,see
itself,tough,269.14,experience,5.37,above,once
sea,miss,539.61,catch,0.266,from,investment
figure,loss,233.7,no,6.335,add,should
he,about,513.87,make,9.342,truth,miss
particular,Republican,178.68,along,8.8,four,hour
however,back,829.38,protect,1.409,economic,billion
chance,network,82.88,two,6.029,until,simple
natural,possible,392.98,decade,6.774,anything,Mr
at,level,791.12,we,5.631,hold,able
else,surface,675.21,girl,2.077,both,enjoy
government,magazine,26.44,growth,5.105,left,experience
within,along,992.97,red,9.106,man,leg
determine,risk,254.99,believe,9.773,capital,friend
price,best,198.46,over,7.029,executive,response
as,young,699.69,news,5.304,weight,see
claim,pick,711.6,ever,2.525,national,society
north,teacher,577.09,early,0.526,something,begin
star,subject,895.03,quite,3.849,responsibility,few
start,culture,926.39,wind,0.569,the,wide
early,somebody,836.96,more,2.334,large,fall
trade,day,284.51,establish,7.459,anyone,born
benefit,over,855.27,be,3.99,blood,building
partner,ready,586.96,price,1.13,rich,spring
million,hand,311.47,notice,2.029,sound,modern
one,minute,330.21,improve,2.229,decide,open
people,must,37.97,nation,9.561,different,alone
agency,peace,217.03,lot,0.967,investment,candidate
east,call,943.06,feeling,5.018,car,prepare
west,can,844.5,sometimes,5.001,professional,myself
east,business,905.65,almost,0.811,effort,anyone
kind,those,418.06,deal,7.025,check,receive
certainly,method,75.7,service,0.471,I,difference
bad,item,893.09,interview,8.308,TV,film
do,question,74.94,gas,8.15,six,shoulder
Congress,politics,946.45,trial,6.586,represent,poor
memory,suggest,457.66,more,4.533,mean,approach
western,next,78.65,total,6.43,create,either
site,military,604.09,wonder,1.747,and,weight
talk,learn,361.7,whatever,6.028,cultural,traditional
hot,long,509.62,bed,4.551,themselves,more
discussion,prevent,910.46,question,2.662,American,sell
eight,fish,558.21,three,3.291,when,kitchen
reason,under,417.32,special,4.019,nothing,second
rule,election,535.01,kid,4.954,office,nice
third,protect,998.74,teacher,7.794,population,out
similar,loss,823.05,life,9.046,plant,southern
prove,again,818.37,customer,2.848,stay,store
source,more,242.94,these,1.527,street,music
deep,box,198.15,lay,7.098,write,network
prove,war,761.61,night,1.534,once,weight
major,magazine,126.26,successful,4.22,upon,culture
sister,board,608.74,consider,4.885,high,meeting
son,marriage,931.56,class,9.133,various,recent
will,include,848.48,through,6.602,coach,somebody
somebody,property,60.55,quite,2.829,gun,in
effect,edge,304.24,home,8.694,national,right
scene,pay,114.59,hold,4.592,above,total
my,picture,425.79,eye,7.707,computer,she
must,above,967.25,above,6.435,candidate,term
must,big,735.68,statement,0.909,piece,choice
knowledge,heart,621.77,sing,5.506,second,continue
inside,short,393.72,that,0.278,nation,such
situation,reflect,639.39,peace,4.568,executive,provide
window,her,810.48,sense,3.57,but,reduce
study,most,130.69,left,9.95,evidence,early
program,view,586.44,up,6.61,large,school
dog,here,269.53,score,8.688,because,prepare
affect,some,656.06,physical,4.047,process,reveal
environmental,bad,125.94,future,7.958,forward,model
eat,often,957.99,nothing,1.915,bring,friend
enjoy,citizen,511.18,sure,6.018,family,trouble
perhaps,Mrs,273.01,cold,5.705,side,identify
activity,support,260.37,that,6.052,wonder,deal
student,however,13.06,memory,9.15,plan,we
officer,rock,76.57,just,3.926,between,crime
floor,law,912.67,marriage,6.349,perform,shake
staff,top,77.49,color,4.424,various,too
example,close,572.23,will,3.172,white,model
foot,discuss,39.96,some,7.458,while,this
heart,soldier,562.5,billion,4.113,his,practice
around,interesting,48.49,statement,8.079,election,yourself
successful,everybody,102.54,provide,6.823,guy,eat
enough,add,141.3,alone,1.982,style,great
some,eight,103.48,activity,3.793,stage,fear
realize,trial,395.5,issue,8.262,policy,focus
move,wonder,714.15,young,7.075,event,which
many,partner,413.37,camera,5.604,paper,exist
reveal,suggest,492.91,newspaper,7.826,while,such
forward,writer,274.06,benefit,3.519,baby,fact
street,it,825.7,all,7.274,thought,nor
instead,hard,197.82,fund,2.373,claim,catch
behavior,condition,513.5,until,3.586,view,yourself
piece,artist,99.09,store,5.099,traditional,miss
result,outside,376.25,cause,5.033,either,value
miss,successful,659.23,figure,8.538,out,yeah
continue,foreign,999.88,pressure,0.769,pressure,own
attention,friend,145.96,remain,4.438,small,audience
keep,town,568.21,accept,2.876,several,build
explain,least,101.38,natural,1.743,east,lose
pull,explain,121.71,last,3.884,company,employee
best,model,207.22,lot,3.454,notice,industry
contain,scene,93.13,easy,1.23,show,meeting
technology,treat,996.09,chance,5.609,sell,article
system,certainly,842.51,simply,1.087,political,wait
wall,human,872.11,some,2.075,many,detail
section,sit,475.66,sell,3.85,rise,believe
drug,century,340.87,quality,5.903,doctor,student
somebody,lead,705.68,account,8.21,inside,loss
back,too,839.14,there,0.257,why,person
action,population,231.76,country,6.643,sea,choice
professor,education,347.47,Democrat,3.583,they,someone
serve,enough,293.54,media,9.366,common,alone
item,look,173.38,wish,3.03,treatment,table
animal,meeting,200.19,artist,1.044,order,debate
mother,improve,938.61,avoid,8.881,beyond,popular
style,bar,1.49,how,9.625,represent,something
enter,Mr,819.32,dark,6.541,often,someone
source,growth,405.78,federal,5.136,peace,result
chair,safe,356.64,economic,8.393,trial,middle
movement,authority,186.66,answer,9.569,account,add
least,goal,232.82,arrive,0.929,family,close
here,school,991.35,image,7.862,course,person
long,would,850.73,stop,7.192,too,reflect
central,several,79.96,mother,5.304,decide,evidence
professor,town,671.56,act,1.293,the,at
without,beyond,17.1,market,8.735,attention,interview
indicate,whether,61.76,fight,4.598,eye,those
its,would,85.12,beyond,2.854,today,way
political,star,373.39,soldier,7.464,threat,too
foreign,all,257.76,tree,3.943,each,number
cup,choice,938.6,professional,2.135,raise,development
home,alone,758.34,simply,9.867,voice,last
bill,radio,267.96,thought,3.847,although,clear
maybe,dark,333.84,issue,3.759,writer,cut
media,green,907.26,source,3.533,knowledge,response
line,inside,6.12,part,3.741,continue,character
spend,commercial,544.9,yourself,9.217,federal,real
rather,vote,908.71,threat,8.342,third,such
game,seven,824.75,public,1.722,whole,program
people,much,112.73,never,0.969,course,they
special,at,905.59,wife,3.437,sure,develop
agree,look,134.76,memory,5.722,goal,else
beautiful,this,4.27,Mr,7.215,scientist,yet
politics,study,845.05,approach,6.888,high,deep
international,mention,5.1,arrive,5.315,claim,least
suffer,board,851.25,also,1.34,decade,food
step,task,275.28,these,3.994,sense,board
light,few,716.94,exactly,5.01,dinner,wind
magazine,we,671.98,head,8.796,decade,vote
red,tax,27.5,more,3.974,hour,attorney
several,peace,316.25,resource,8.841,better,two
among,itself,789.32,green,4.832,election,do
seem,tree,23.16,cost,2.77,attack,stand
affect,break,727.85,across,0.24,marriage,parent
culture,yes,91.19,book,3.763,reveal,so
just,policy,394.22,work,4.326,meet,majority
find,than,250.55,now,2.167,well,because
program,design,81.58,might,2.19,exist,old
on,fast,921.0,improve,8.63,oil,would
anyone,cultural,532.98,focus,7.985,side,right
program,rate,648.92,this,7.343,authority,beyond
century,full,741.36,evening,3.821,bill,mouth
value,east,185.78,daughter,7.759,laugh,one
although,program,270.04,something,0.397,newspaper,fire
occur,why,121.27,get,6.538,wall,want
idea,several,495.13,later,5.277,old,grow
suddenly,gun,182.12,continue,5.042,growth,life
eye,last,308.71,long,8.585,air,foreign
industry,section,628.23,media,9.32,need,option
traditional,tonight,128.32,report,3.489,above,their
reason,recognize,41.54,focus,3.7,kind,five
approach,right,736.66,keep,5.135,middle,someone
result,successful,662.7,clear,5.883,surface,nothing
top,responsibility,8.0,remain,6.201,also,onto
campaign,worker,302.27,party,7.362,discover,walk
young,plan,229.48,hour,1.861,toward,dream
may,special,450.88,participant,8.598,music,hair
collection,attack,252.24,eight,6.06,time,feel
activity,factor,433.94,ahead,1.277,home,red
alone,threat,175.6,them,1.935,peace,mouth
place,concern,196.6,season,2.381,world,newspaper
whole,whether,747.88,trade,4.067,form,skill
house,game,464.56,might,2.355,professional,management
join,part,537.6,marriage,5.652,after,evening
direction,board,373.5,maybe,5.741,character,later
dream,name,562.59,actually,6.243,movie,international
raise,I,694.02,standard,6.83,always,market
position,actually,917.9,read,9.543,main,woman
film,would,589.62,thought,1.013,others,owner
try,why,819.94,news,8.584,form,social
expect,newspaper,895.16,none,4.471,amount,determine
memory,I,424.76,benefit,9.412,your,move
door,clear,813.02,trade,9.678,say,yard
project,serious,827.39,meeting,8.962,former,water
stand,country,41.01,occur,8.585,might,enjoy
draw,card,260.58,wind,1.709,radio,page
travel,share,680.43,term,8.785,none,too
building,man,368.51,worker,0.961,its,laugh
field,tree,580.16,realize,6.749,authority,woman
evidence,bag,544.85,use,9.242,system,clearly
loss,mean,913.75,ball,9.423,role,red
event,often,366.88,fund,3.302,bank,idea
whatever,already,232.11,party,7.764,dream,surface
late,door,230.71,more,1.276,modern,commercial
win,respond,465.1,citizen,0.719,any,arm
skin,bag,565.29,be,8.448,seek,investment
ability,tough,937.37,individual,5.446,child,Mrs
yard,quality,45.9,woman,4.657,imagine,consider
occur,figure,602.72,simple,1.041,hard,huge
with,likely,695.02,baby,6.212,top,hotel
society,stage,31.87,program,9.766,community,loss
somebody,remember,460.72,character,1.309,accept,really
much,drug,529.55,decide,6.692,sea,star
international,mouth,135.46,blue,9.673,begin,respond
value,really,111.21,up,3.86,world,else
little,factor,931.79,world,5.976,current,room
commercial,protect,143.71,result,4.652,always,others
discuss,while,204.92,gas,2.02,can,including
for,your,481.26,truth,0.488,almost,might
particularly,box,436.54,behavior,4.011,even,pressure
learn,effect,891.46,drug,0.873,close,leave
have,consider,800.4,happy,8.214,family,car
produce,project,975.81,raise,5.496,see,western
catch,race,614.69,student,2.358,no,system
market,light,765.18,thousand,5.639,anything,according
officer,young,495.75,international,3.045,husband,area
difficult,forward,439.9,worker,3.362,drop,high
appear,door,99.95,mean,5.229,series,face
resource,arrive,171.44,cut,9.794,offer,test
scene,election,31.07,who,5.443,adult,traditional
TV,approach,508.13,beautiful,2.489,benefit,common
fine,pull,833.45,of,8.951,poor,maybe
question,animal,763.02,anything,7.636,play,must
move,town,995.4,card,1.02,north,consider
reason,onto,980.6,production,5.052,drop,father
structure,most,713.68,health,8.569,today,girl
industry,relate,996.99,mother,2.371,time,yes
really,his,308.71,peace,4.637,meet,quality
building,space,55.36,summer,8.793,agent,enter
adult,bag,422.2,moment,2.833,challenge,analysis
face,ground,897.6,worker,0.61,issue,amount
short,agree,697.05,technology,7.207,foot,seven
throughout,story,668.13,always,4.36,home,reach
run,activity,999.29,he,8.375,system,nothing
big,often,957.68,near,4.882,room,white
serious,explain,390.81,teach,7.566,many,newspaper
pattern,up,317.67,machine,6.358,across,give
magazine,record,411.78,especially,0.187,be,author
trip,help,810.09,this,2.124,certainly,friend
far,these,636.08,day,8.875,particularly,to
company,final,782.9,building,0.558,reveal,financial
than,my,654.95,military,2.923,save,hope
evening,become,85.96,drug,0.552,prevent,yet
almost,suddenly,627.92,keep,0.538,score,short
that,clear,131.41,candidate,2.395,ago,sure
theory,ball,222.56,according,3.154,seat,there
east,various,554.2,wide,5.857,thing,although
friend,television,433.84,public,7.499,speech,option
modern,force,542.94,vote,3.822,contain,ability
so,better,34.61,beautiful,9.879,painting,test
chance,say,366.94,inside,1.199,artist,give
particularly,decide,825.96,oil,2.455,conference,society
brother,no,411.3,chance,3.499,discover,less
relationship,front,509.88,much,4.829,name,chair
skin,unit,442.0,truth,9.133,firm,most
need,listen,56.32,live,3.244,campaign,less
learn,have,821.8,base,0.928,few,establish
budget,include,77.88,require,8.716,tough,including
cut,simply,520.8,despite,1.128,price,role
parent,machine,34.31,eight,2.646,offer,arm
worry,character,30.79,where,5.572,much,management
account,international,115.27,assume,4.206,million,need
wait,arrive,57.51,skin,4.282,culture,medical
election,sometimes,55.48,bad,3.958,second,onto
spend,think,614.39,stuff,8.263,cup,number
note,understand,665.31,great,0.109,behavior,media
into,rather,163.52,site,1.18,effect,dinner
happy,space,458.6,same,9.275,those,good
marriage,floor,526.22,really,6.727,water,sit
sport,carry,673.31,police,2.136,up,attorney
space,wrong,510.65,history,7.394,capital,while
reality,inside,59.03,article,3.985,wrong,go
training,sound,791.35,customer,4.944,doctor,inside
everything,available,756.74,structure,1.557,social,stay
writer,attack,344.74,strong,4.646,hotel,its
goal,eye,76.17,entire,4.285,already,dinner
treat,yeah,984.79,weight,4.888,seek,itself
possible,final,598.11,computer,5.392,statement,of
beyond,however,671.82,garden,1.356,from,debate
carry,car,326.68,center,4.042,head,particular
away,along,777.26,public,3.64,anything,spring
maintain,about,503.33,character,4.057,bag,tax
after,we,936.86,follow,5.482,trip,upon
reduce,fly,11.8,inside,3.097,significant,officer
card,clearly,201.81,rich,1.284,else,country
car,wrong,28.58,school,0.139,PM,resource
issue,office,58.43,computer,0.598,run,cup
face,woman,193.44,billion,6.927,prove,hand
author,question,861.48,work,6.844,former,college
guess,myself,500.82,manager,9.557,enough,time
point,image,401.8,walk,0.829,remember,often
third,either,859.12,today,9.151,certain,next
need,site,105.8,policy,5.347,near,law
particularly,job,1.81,research,6.518,policy,few
tough,just,599.91,hair,5.999,section,dinner
into,material,976.33,particular,7.214,will,crime
instead,concern,366.25,rich,5.475,toward,certainly
produce,future,330.59,whose,8.856,seven,several
both,mother,506.3,brother,1.103,act,field
ago,experience,352.76,heavy,4.095,any,fight
purpose,huge,847.28,smile,0.263,decade,public
world,professor,131.34,across,8.99,give,share
activity,main,888.21,land,4.188,rich,benefit
back,also,617.7,difference,7.637,show,through
report,produce,743.41,range,4.143,analysis,stuff
thousand,loss,130.68,receive,4.586,weight,seven
which,fill,321.41,animal,9.386,for,set
west,throw,834.21,suffer,3.709,too,east
option,worker,17.66,someone,6.922,perhaps,morning
anyone,capital,176.91,no,1.654,sense,cause
measure,seek,669.55,difficult,5.061,bar,per
garden,study,201.59,perhaps,9.777,cover,dog
man,any,413.44,until,2.721,indicate,pattern
degree,stuff,253.73,PM,9.724,station,stay
usually,another,387.32,brother,5.963,vote,board
old,state,721.25,see,8.391,down,town
political,reduce,642.01,market,3.253,must,though
certainly,will,783.02,learn,9.413,away,both
rule,take,748.48,hope,7.005,mouth,can
concern,it,410.73,three,9.682,lose,rate
from,though,506.75,able,9.998,expert,such
will,good,197.54,executive,9.259,prepare,buy
pass,political,242.75,summer,0.328,election,bit
forward,reach,402.04,we,8.841,road,short
trial,lawyer,275.42,plan,6.396,amount,everybody
happen,decision,261.66,concern,0.532,as,church
radio,per,727.73,feel,1.763,few,provide
trade,smile,688.5,a,1.703,cultural,daughter
push,him,408.73,firm,3.364,material,from
move,dream,77.25,soon,0.243,area,house
least,today,997.55,outside,6.656,character,wish
guy,think,197.86,tax,5.249,though,produce
size,catch,964.51,history,8.613,sort,nice
health,best,823.22,certain,0.66,page,person
nation,idea,152.64,respond,7.764,fast,candidate
media,factor,833.49,behind,1.111,north,field
success,executive,706.09,far,7.955,key,thank
economy,participant,492.81,whole,1.865,ability,major
put,woman,598.75,science,9.92,stuff,speech
subject,body,566.1,everyone,8.817,might,car
onto,company,419.3,sometimes,0.635,boy,performance
mention,trial,838.55,future,4.859,talk,another
hit,page,743.76,red,5.267,something,lay
never,glass,226.27,left,2.29,front,up
party,have,102.16,successful,3.789,blue,matter
exist,final,958.84,out,4.571,receive,agent
bill,choice,395.45,someone,6.937,Democrat,participant
animal,dog,124.76,student,3.828,key,idea
yourself,kitchen,712.09,who,1.827,just,town
current,music,642.79,agreement,3.246,police,need
thought,low,843.54,beyond,6.834,nor,money
list,build,547.91,feeling,7.937,management,me
individual,skill,810.62,plan,7.17,sound,continue
agency,rather,792.74,seek,9.939,value,huge
score,city,992.41,wrong,2.651,order,family
instead,ready,729.34,likely,4.247,old,land
yourself,hand,859.85,tell,2.857,economic,quality
increase,over,85.6,form,5.34,up,rest
and,probably,136.59,director,8.337,leader,reach
risk,yes,139.09,include,3.479,probably,between
particularly,appear,433.18,short,3.882,various,continue
drive,tend,92.79,response,3.183,sing,enough
result,meet,233.37,shake,7.562,walk,board
every,nature,863.21,forward,1.791,during,like
wife,low,507.43,language,1.488,thought,of
degree,law,207.7,Mrs,2.847,deal,among
I,tend,976.59,pattern,8.915,herself,care
meeting,recently,228.27,throughout,5.04,look,the
foot,organization,830.85,hold,8.252,hundred,idea
might,everybody,269.2,then,0.913,issue,thousand
blue,success,4.43,concern,6.286,he,rich
factor,his,9.44,including,2.129,when,big
low,author,275.67,animal,2.841,I,develop
expect,position,961.43,military,6.901,face,law
society,left,7.53,according,3.621,wrong,discover
language,sense,598.0,politics,9.548,father,establish
turn,leave,582.66,choice,2.388,race,teach
mind,late,589.73,or,5.409,computer,find
data,seat,748.22,form,8.31,enjoy,guess
realize,laugh,37.76,test,5.037,level,list
home,weight,696.63,agree,6.342,around,movie
call,reality,992.85,song,3.61,discussion,involve
system,appear,809.75,management,5.276,message,trouble
hair,forget,426.5,bring,0.813,as,item
bar,half,856.2,generation,9.782,program,receive
major,blood,894.45,change,2.828,energy,account
partner,rich,831.6,serve,8.506,around,director
serve,buy,883.26,box,9.759,too,people
face,military,791.15,bring,5.54,outside,matter
be,send,997.45,area,2.113,wind,lot
top,peace,424.67,while,5.314,partner,property
my,trouble,436.82,movement,4.017,away,what
yard,sound,260.68,begin,7.855,if,might
training,right,926.67,thing,1.557,consider,world
candidate,doctor,154.91,company,3.194,pattern,individual
national,little,538.52,standard,0.969,production,exist
game,will,111.33,easy,1.813,decade,form
fine,name,618.22,return,4.808,window,remember
here,child,539.1,decade,8.048,election,where
whether,race,624.28,shake,0.683,term,idea
film,too,176.51,page,5.281,not,catch
public,often,868.79,light,0.53,attention,home
building,issue,345.89,individual,2.018,identify,any
interesting,light,156.62,two,8.855,minute,across
area,bank,133.61,thank,2.469,case,behind
consumer,condition,341.75,enjoy,6.502,seem,perhaps
green,piece,742.27,student,0.593,now,time
my,social,394.86,give,9.619,produce,responsibility
itself,good,350.75,radio,8.085,girl,day
think,part,987.49,best,6.001,never,support
bit,us,655.7,along,7.685,research,certain
fly,set,128.17,will,0.599,agree,set
assume,want,214.67,lot,1.408,sister,build
exactly,keep,767.22,detail,3.645,buy,look
up,generation,923.03,fund,8.6,notice,factor
still,realize,778.73,deep,8.151,defense,several
can,too,692.09,mind,2.367,always,evidence
read,green,282.6,chance,0.612,Democrat,hot
third,kitchen,648.95,art,4.864,military,teacher
collection,site,980.5,five,4.95,think,professor
mention,pattern,556.89,result,2.864,talk,bag
rather,could,270.22,last,0.276,or,owner
financial,pay,480.49,candidate,6.383,analysis,eat
entire,clearly,288.15,or,6.635,foot,accept
list,determine,23.86,answer,7.801,yet,moment
follow,edge,601.9,standard,7.776,admit,but
stand,degree,904.0,when,1.402,source,international
Mrs,him,30.79,across,8.053,total,home
what,natural,749.52,responsibility,6.083,water,room
article,court,534.02,class,9.45,media,water
establish,music,340.33,so,2.25,our,like
white,data,332.62,front,4.699,show,notice
enjoy,machine,544.64,cover,3.929,employee,test
relate,usually,516.44,answer,9.808,Democrat,but
eye,but,82.45,well,0.226,eight,protect
condition,hospital,844.8,lose,3.684,begin,time
clearly,drop,564.04,character,4.358,option,team
with,close,469.58,body,2.149,common,art
little,until,429.93,region,6.25,term,light
reveal,exist,391.64,professional,1.844,fire,security
travel,low,252.81,reveal,1.348,economic,institution
parent,seat,771.35,than,7.227,fine,happy
hope,training,952.36,society,4.479,here,test
traditional,language,453.06,take,3.944,work,student
significant,perform,421.38,answer,4.746,us,campaign
off,play,684.64,president,4.778,week,out
movie,clear,884.39,program,9.042,focus,field
outside,arrive,218.01,partner,5.476,everyone,whatever
official,method,698.63,poor,5.796,doctor,physical
mother,bag,998.85,mind,1.677,join,when
long,kitchen,541.79,concern,5.183,teach,responsibility
gas,world,843.52,whole,2.835,to,break
group,media,844.11,least,5.951,scientist,Mr
adult,ability,858.24,customer,9.795,value,call
enter,small,416.87,feel,9.296,keep,concern
stand,practice,344.11,deal,0.67,hard,sign
moment,front,4.87,return,1.596,TV,check
across,low,225.67,play,5.187,hundred,remain
view,education,851.07,second,2.45,meet,million
east,pattern,593.39,place,9.681,mother,wall
arm,must,341.01,station,1.298,value,get
box,president,703.18,close,0.762,message,mother
area,develop,279.57,station,1.676,cost,treatment
authority,spring,59.0,price,6.5,school,organization
call,piece,268.23,recently,7.118,base,society
serve,well,146.28,old,0.112,take,born
serious,by,4.13,from,6.578,million,site
central,hundred,952.61,agent,4.164,special,amount
themselves,century,290.57,these,1.974,must,two
billion,cold,406.05,design,8.393,son,start
well,leader,655.08,herself,2.821,analysis,individual
career,town,583.18,sort,2.104,message,beautiful
decade,degree,359.98,that,2.241,huge,arrive
foot,enjoy,691.91,drive,8.268,moment,rule
arrive,first,365.15,better,3.559,somebody,play
nothing,artist,227.72,agree,4.043,magazine,say
lose,none,573.69,hundred,9.515,study,southern
charge,she,910.48,sense,9.017,beat,religious
rule,or,975.49,experience,8.111,husband,mind
son,involve,166.23,growth,7.326,concern,leader
method,child,814.85,fund,5.736,out,measure
money,charge,988.39,change,6.902,democratic,capital
like,mouth,910.3,necessary,2.701,around,color
need,recent,523.34,answer,3.946,person,camera
large,old,634.62,kind,0.334,everything,head
realize,trial,463.27,home,8.622,those,special
first,read,547.41,southern,5.598,clear,provide
last,area,226.69,wife,4.107,wear,seven
painting,federal,246.69,pay,6.284,paper,grow
strategy,spring,422.64,grow,5.881,paper,support
source,race,14.04,weight,1.647,position,trouble
how,everyone,580.76,fish,6.144,art,base
seven,tell,330.04,determine,0.256,conference,before
have,might,665.37,low,2.564,tonight,black
sign,nothing,454.49,once,3.563,strategy,service
special,picture,439.72,summer,1.643,day,thank
believe,experience,63.79,system,0.887,bed,artist
man,evening,776.97,race,6.809,call,early
whether,out,28.28,hold,9.847,decide,many
opportunity,she,786.82,during,5.534,reason,majority
upon,security,470.66,health,5.988,billion,staff
commercial,forward,162.39,gas,6.71,outside,fill
mother,boy,345.78,since,7.1,character,may
now,himself,152.39,body,6.071,commercial,cup
by,trip,256.6,join,0.485,buy,treatment
leg,laugh,731.56,family,7.231,quality,job
help,church,37.22,understand,5.162,instead,international
particularly,cost,424.73,physical,9.926,down,air
pattern,ten,61.76,sister,1.363,actually,edge
team,plant,104.39,above,8.887,law,measure
someone,black,571.17,direction,9.318,hard,she
city,pick,324.45,far,9.471,now,support
city,common,473.45,both,4.691,him,yet
another,southern,779.04,set,5.152,who,run
among,try,740.44,back,3.447,week,wide
different,half,521.8,drug,4.589,defense,call
conference,group,329.33,PM,8.739,could,mission
say,list,331.77,light,8.764,country,easy
itself,analysis,75.32,understand,1.254,ground,whatever
chair,movie,112.87,west,2.364,green,door
local,owner,595.51,his,5.299,base,professional
important,paper,66.15,team,5.134,main,environmental
eye,majority,868.19,shake,4.201,young,parent
fear,several,96.01,visit,7.143,down,home
red,us,385.6,business,5.127,really,admit
own,herself,662.32,skin,2.434,police,just
environmental,thank,525.29,east,3.934,natural,new
thought,husband,543.16,sister,9.538,bar,economy
early,short,940.3,again,9.922,others,outside
two,hear,537.45,single,7.206,remember,heavy
step,black,244.37,land,2.431,animal,without
account,short,864.2,culture,5.668,detail,decision
certain,situation,403.78,three,0.819,could,group
course,clearly,518.21,care,1.94,interest,whole
reveal,figure,636.51,once,2.415,arm,red
yes,church,727.4,a,2.944,finally,politics
community,find,241.11,middle,1.856,suddenly,ten
mother,wear,460.22,they,3.997,carry,believe
daughter,now,146.35,deal,3.22,where,drug
effect,stage,646.51,her,8.612,challenge,control
can,those,627.79,by,5.38,outside,ever
boy,dinner,292.92,decide,1.861,wind,place
edge,blue,445.55,middle,2.344,stuff,provide
event,glass,79.0,often,7.032,degree,perhaps
off,himself,318.29,result,4.943,ready,and
rock,everybody,755.76,third,1.513,white,treat
total,address,287.02,course,3.224,alone,trip
social,rock,531.93,paper,5.53,of,nothing
give,toward,248.08,common,1.894,always,green
grow,lawyer,491.73,add,3.336,want,staff
state,hand,411.42,task,9.243,situation,ball
computer,sit,300.37,in,5.126,almost,man
financial,another,597.2,few,4.485,expect,whose
themselves,community,773.89,mention,8.401,present,feel
better,player,779.03,worry,0.122,region,rock
various,foreign,123.96,mother,0.863,moment,range
far,risk,715.2,which,2.088,mean,reason
field,reality,771.9,because,6.688,image,six
painting,method,813.62,capital,3.858,media,student
win,stage,776.9,after,2.814,get,bad
before,young,408.72,than,8.464,station,night
three,white,616.1,statement,3.838,often,heart
around,character,181.89,once,1.056,court,when
edge,two,492.09,seat,7.809,series,play
story,fund,629.61,more,6.242,list,fly
station,full,193.91,above,8.456,court,who
bag,ten,841.39,realize,8.446,low,writer
ten,research,776.64,blood,6.64,child,among
guy,heart,977.22,evening,2.531,mission,audience
take,shoulder,497.51,care,2.656,enough,reduce
public,ago,510.17,production,5.763,reach,share
able,modern,418.51,choose,9.719,bag,occur
be,little,56.74,live,8.079,tell,rather
then,fight,910.81,dream,1.113,another,skin
save,treatment,172.87,serious,8.787,already,hope
phone,wife,41.71,once,8.621,teach,what
old,heavy,198.12,employee,3.453,place,bad
fall,call,481.56,cover,4.837,space,every
could,hotel,691.05,already,1.19,such,draw
consider,old,352.21,message,4.358,close,stand
whether,game,399.86,song,5.722,material,health
part,surface,964.37,model,2.366,team,bar
police,manager,948.87,investment,4.446,really,such
myself,nothing,190.99,none,9.626,option,fact
sense,add,497.98,life,5.624,less,determine
purpose,machine,990.07,piece,1.949,trouble,trade
run,stuff,811.07,business,3.034,fact,thank
tonight,able,46.64,knowledge,6.92,area,commercial
investment,able,927.86,rise,9.302,know,thus
operation,again,90.58,main,8.497,building,room
modern,foreign,70.87,suffer,2.359,create,add
others,organization,242.83,important,1.986,so,enter
every,government,785.59,evening,9.407,professional,job
source,today,135.47,pattern,6.422,choice,central
color,rich,416.62,arrive,6.013,sure,Mr
here,discover,861.7,either,7.777,down,through
your,stage,78.68,audience,3.026,purpose,rather
need,same,983.04,whom,2.734,example,word
possible,morning,716.68,answer,7.315,learn,eat
know,place,555.64,discussion,3.683,himself,tend
property,less,684.84,population,6.448,consider,generation
player,affect,834.64,my,4.436,that,professor
recent,while,590.68,option,1.472,day,office
music,even,896.58,impact,4.666,want,his
for,own,965.15,wait,7.97,talk,plan
record,someone,861.84,go,4.274,consider,day
sit,physical,637.08,how,6.324,along,interesting
huge,point,204.18,identify,0.56,stock,machine
when,huge,944.77,very,7.082,they,production
pay,under,40.63,spend,5.563,left,also
now,case,953.56,environmental,7.605,building,discussion
very,out,254.9,rather,5.261,who,current
political,six,794.87,site,4.518,whom,hand
past,provide,207.88,without,3.488,marriage,seem
official,share,101.39,trial,1.633,heavy,enough
style,dog,775.55,feel,6.484,almost,agreement
economy,gun,640.92,concern,8.365,reality,study
value,name,399.06,much,7.516,voice,front
process,relate,225.9,around,3.925,keep,activity
data,dream,82.82,serious,4.872,resource,just
past,education,916.32,little,6.519,administration,ground
wonder,dog,663.97,listen,4.284,respond,time
conference,not,280.71,age,4.647,trouble,fly
fund,per,115.03,if,1.835,list,young
toward,also,815.21,reveal,7.388,receive,nor
why,none,549.06,some,9.301,send,important
my,seem,651.99,development,7.687,single,raise
parent,million,562.95,be,2.134,so,meet
technology,star,978.02,growth,3.674,national,family
help,training,868.55,only,8.36,we,east
better,need,1.71,any,1.38,kitchen,without
court,often,872.9,stuff,7.364,cup,life
have,first,411.32,type,6.131,region,yes
suffer,push,964.54,pressure,2.868,imagine,type
create,just,521.43,pull,9.157,three,draw
force,gun,775.9,seat,5.398,smile,side
peace,position,932.94,radio,4.533,work,into
phone,I,73.99,out,1.852,north,system
fly,sort,350.68,garden,5.573,question,specific
reveal,just,308.52,themselves,8.895,clear,radio
use,woman,956.73,she,5.656,ask,manager
buy,way,371.08,letter,3.102,east,technology
about,bring,699.78,method,1.847,deal,technology
factor,possible,397.21,according,8.878,develop,show
eat,sometimes,226.88,cover,6.544,husband,environment
already,too,805.19,mouth,2.536,think,case
or,tend,829.19,nor,6.96,ready,site
material,dinner,646.41,practice,7.989,number,agency
simply,look,75.83,bed,4.207,play,little
represent,south,611.02,put,8.516,recent,face
huge,agreement,118.94,them,1.756,evening,city
figure,civil,824.36,television,7.881,task,just
more,former,521.03,mother,7.213,people,help
ever,nice,295.75,push,1.283,finish,message
few,knowledge,686.09,individual,7.661,stage,pull
pattern,indicate,904.55,garden,0.12,control,year
since,learn,784.49,no,7.211,economic,big
former,much,148.18,page,2.541,cut,such
kitchen,interesting,1.8,although,5.951,child,one
yourself,someone,951.15,she,4.554,or,fear
fact,there,841.95,popular,7.154,sister,what
prove,discuss,360.65,able,8.529,thing,tend
page,kind,946.99,discuss,6.123,TV,better
decision,into,443.17,summer,4.978,door,cause
yet,seem,133.33,magazine,0.688,employee,image
word,anyone,210.85,kind,5.667,pick,deep
west,point,289.69,hair,4.594,television,hand
magazine,tell,551.82,explain,8.752,firm,research
body,money,519.32,fast,9.833,possible,debate
short,after,787.44,operation,1.093,cultural,study
threat,least,221.9,be,8.513,send,investment
look,art,199.26,house,9.303,current,benefit
change,risk,539.13,decision,4.715,charge,poor
anyone,voice,536.76,include,0.571,eye,strategy
try,though,19.3,music,4.05,door,seven
carry,international,908.99,section,0.782,political,different
town,woman,144.2,focus,6.509,where,at
father,again,254.98,where,3.047,brother,first
benefit,per,701.31,entire,6.724,raise,hundred
budget,son,730.76,hot,6.849,result,market
cell,budget,527.27,large,0.946,talk,budget
expert,old,65.89,majority,5.116,best,herself
ready,maybe,33.53,consumer,8.363,size,enough
audience,option,910.2,factor,0.82,provide,art
think,my,896.15,star,4.726,affect,learn
voice,challenge,612.42,our,3.761,word,worker
quality,heavy,401.17,try,3.274,job,investment
simply,dream,967.76,party,0.507,wear,determine
pressure,beat,160.74,group,6.548,election,now
along,evening,63.49,relationship,2.504,remain,camera
build,short,916.22,ago,8.127,until,but
both,think,164.44,training,7.446,series,though
kitchen,adult,826.3,last,4.995,conference,itself
reason,field,914.88,enough,5.735,certainly,again
current,doctor,837.15,grow,1.591,area,at
represent,ground,558.39,plan,8.124,health,skill
small,card,705.64,site,5.88,city,subject
over,stock,669.93,subject,2.141,wish,hand
itself,when,385.45,defense,6.919,against,owner
within,lose,502.34,level,0.684,up,million
crime,cup,714.24,area,6.231,bad,suggest
tonight,of,191.42,though,2.472,toward,reason
power,white,907.78,difficult,4.199,firm,something
car,book,582.15,large,0.348,technology,behavior
tax,method,727.05,recently,8.311,begin,firm
feeling,size,471.77,probably,0.773,how,computer
report,tree,358.8,hotel,8.653,mention,fight
table,respond,18.37,drop,3.196,order,end
thing,especially,174.61,dream,4.735,sense,fear
run,control,916.22,Mr,6.278,possible,stuff
live,law,66.23,morning,6.939,program,use
suggest,research,633.94,customer,6.179,nothing,much
huge,everyone,973.06,do,4.839,mission,kid
prevent,floor,553.28,program,9.538,west,scene
stay,benefit,474.26,Mrs,4.731,wind,use
find,very,726.63,huge,1.263,suggest,everybody
major,rule,134.81,future,7.28,dog,trial
entire,feel,249.09,million,2.21,executive,possible
present,accept,302.04,happy,7.313,I,development
contain,everybody,828.35,approach,7.105,daughter,summer
back,quickly,247.47,threat,5.056,home,ground
investment,organization,740.56,book,4.722,commercial,together
area,effort,357.51,structure,6.88,feel,grow
face,treatment,671.9,fund,2.794,character,wait
side,so,548.07,light,8.98,similar,daughter
black,talk,946.19,leg,8.635,capital,actually
agent,discover,739.59,white,7.811,somebody,energy
pass,product,431.96,possible,1.798,around,land
without,base,944.24,work,4.989,every,focus
conference,good,739.14,shoulder,0.802,morning,final
air,identify,30.89,work,5.932,decade,onto
appear,oil,931.49,shoulder,5.847,involve,themselves
tend,director,317.16,degree,0.37,employee,clearly
create,unit,615.32,court,4.937,blood,provide
billion,minute,575.36,town,3.572,show,arm
simply,policy,648.86,bit,8.023,fish,office
sell,behind,931.9,arrive,0.402,free,play
of,walk,210.98,no,1.999,religious,reason
them,quite,909.46,light,3.896,risk,skin
evidence,though,830.04,federal,1.921,large,job
knowledge,others,892.02,land,4.433,certain,seek
model,customer,675.41,yard,5.033,night,letter
over,American,25.57,walk,4.343,traditional,within
trip,add,27.89,have,3.531,listen,remain
leader,however,810.14,discover,4.081,find,we
public,hope,163.55,author,1.751,themselves,admit
office,involve,66.05,two,5.805,night,arm
consumer,light,728.39,ago,9.275,land,third
treat,in,59.14,blue,4.749,ahead,these
about,cold,141.25,result,8.414,financial,fear
herself,fact,820.54,actually,9.585,little,my
become,her,23.19,within,7.144,kid,how
director,cup,471.68,open,4.941,situation,modern
today,girl,642.22,another,1.667,travel,occur
student,statement,117.43,a,9.339,others,threat
series,week,479.08,west,7.901,son,author
line,occur,672.15,kitchen,2.715,list,for
improve,election,992.19,west,3.421,thought,dream
example,be,364.08,bring,5.994,area,eat
wife,politics,981.35,should,9.845,day,light
whatever,right,219.05,property,1.473,outside,glass
letter,adult,192.66,better,5.961,candidate,already
response,last,690.41,garden,4.524,share,area
left,exist,465.8,join,6.238,down,upon
have,including,435.42,do,5.442,knowledge,far
free,decade,689.74,democratic,8.604,public,activity
act,despite,344.99,about,2.948,off,use
sport,continue,267.4,sort,0.701,someone,detail
artist,camera,115.33,shake,7.736,source,we
smile,go,258.27,machine,1.608,environment,become
test,painting,692.1,lose,9.404,range,box
meet,size,817.6,institution,5.292,address,turn
strategy,wait,773.76,over,6.512,fund,find
call,tend,478.85,tonight,6.85,even,her
pass,mean,767.61,require,0.345,those,save
loss,cost,816.54,what,7.571,month,often
discuss,door,997.83,country,5.755,tree,mean
region,reveal,354.19,mean,0.286,hold,hit
message,plant,461.8,they,5.13,garden,medical
follow,huge,647.71,boy,1.618,dog,job
just,three,165.73,right,5.22,section,hair
development,matter,203.17,forward,1.085,vote,personal
scientist,space,597.28,plan,2.928,gun,born
behind,seven,57.85,could,0.675,station,poor
design,whatever,237.93,here,1.793,list,ground
respond,size,46.83,open,5.258,happy,test
better,left,291.73,half,6.3,animal,animal
north,say,164.31,safe,3.513,fly,group
our,guy,2.33,though,7.633,political,along
they,late,694.13,model,1.561,shake,since
leave,network,134.62,site,6.941,include,study
peace,reveal,501.73,budget,8.01,authority,probably
however,lot,982.99,third,2.18,garden,behind
prove,court,654.16,miss,4.401,star,expert
your,home,649.83,hospital,9.863,feeling,large
little,must,480.77,enough,7.026,present,college
century,deep,473.64,involve,5.875,education,challenge
second,answer,895.86,language,6.996,out,arrive
for,suddenly,611.94,smile,8.482,effort,they
get,past,177.93,question,6.295,specific,budget
interesting,myself,57.3,kitchen,1.595,hope,trade
way,series,553.84,out,4.705,determine,stuff
market,business,272.78,operation,2.823,recently,would
fire,reason,779.01,others,8.484,defense,technology
you,message,164.0,number,6.619,decade,job
move,long,177.22,make,6.965,let,TV
star,stop,101.96,practice,4.633,by,when
the,part,682.44,section,8.67,among,tell
first,voice,121.44,final,6.57,health,center
seek,fire,140.47,us,9.88,science,later
protect,record,459.15,commercial,9.18,why,all
war,of,658.8,week,9.977,reason,plan
you,join,466.74,ability,1.188,recently,result
care,camera,608.37,indeed,7.364,moment,garden
example,language,845.28,center,1.606,by,son
often,I,357.89,force,2.902,heavy,most
from,result,621.46,represent,4.024,several,month
technology,could,621.54,interest,0.337,throughout,career
professional,money,896.5,stop,6.563,half,station
feeling,election,413.88,soon,4.169,he,central
understand,share,340.04,Mr,4.71,window,lawyer
spring,only,125.22,describe,3.48,than,difference
institution,event,403.54,above,8.97,big,describe
team,agree,992.85,teacher,7.053,student,involve
play,popular,859.47,article,9.696,program,light
student,feel,475.27,camera,3.429,clear,democratic
sister,young,224.07,technology,4.121,often,arm
go,page,34.41,treat,1.673,poor,traditional
create,serious,825.8,his,9.091,exist,cell
mind,involve,194.61,chair,5.991,month,affect
business,business,563.77,former,8.888,several,style
among,staff,619.17,set,2.959,power,discuss
both,style,514.98,property,1.639,put,when
student,third,113.14,concern,0.163,huge,upon
sister,perform,815.56,successful,0.955,create,computer
notice,author,169.36,relate,8.993,fund,as
factor,information,997.06,recent,6.252,system,simple
church,major,403.71,growth,4.169,indicate,administration
give,environment,171.14,necessary,3.108,natural,business
consumer,you,536.29,town,4.117,any,too
community,hotel,266.7,system,5.036,station,growth
mention,wish,150.86,his,5.392,bar,clearly
interesting,late,714.86,between,4.941,business,television
free,rich,135.34,show,5.793,me,staff
international,trip,189.26,stuff,2.298,head,seem
put,baby,469.74,theory,9.121,name,word
actually,least,948.48,fact,3.5,event,discuss
see,lawyer,810.04,occur,2.085,sell,per
responsibility,ahead,720.27,age,5.898,particularly,article
anything,draw,34.38,bank,7.939,water,couple
exactly,run,95.44,moment,5.073,arm,spend
expert,could,909.48,more,1.824,least,north
sort,middle,398.58,tax,3.401,first,hit
prepare,adult,744.42,president,1.504,member,kid
cell,after,802.2,actually,2.677,control,kid
name,only,388.56,put,9.081,shoulder,drive
cause,market,426.07,history,3.081,our,reality
forward,sense,759.28,keep,6.885,relate,notice
environment,both,873.4,on,1.422,international,prove
although,most,693.64,short,1.682,drop,party
in,sound,160.14,cost,3.671,region,address
wait,traditional,573.96,social,3.868,none,without
north,agree,954.46,media,0.949,beat,imagine
TV,almost,331.04,look,5.995,second,save
movie,north,458.81,education,4.875,morning,lawyer
read,go,694.33,eye,8.174,young,place
off,PM,639.38,trial,6.954,hair,unit
others,reason,599.53,owner,0.877,talk,unit
think,bit,512.3,rest,5.267,affect,not
finish,threat,753.55,season,2.228,point,mother
simply,charge,980.3,enough,5.342,newspaper,network
item,significant,888.47,early,6.721,live,serve
side,mention,587.1,because,0.673,citizen,player
